{
	"info": {
		"_postman_id": "452ac65b-68af-4c52-b7af-a4a533013312",
		"name": "OAuth generation",
		"schema": "https://schema.getpostman.com/json/collection/v2.1.0/collection.json",
		"_exporter_id": "17709036"
	},
	"item": [
		{
			"name": "Create Incident",
			"event": [
				{
					"listen": "test",
					"script": {
						"exec": [
							"pm.test(\"Status code is 200\", function () {\r",
							"    pm.response.to.have.status(201);\r",
							"});\r",
							"// Extract the response and save it in a variable\r",
							"var resp=pm.response.json();\r",
							"// Extract sys_id from response\r",
							"//x.result.sys_id\r",
							"var sys_id=resp.result.sys_id\r",
							"console.log(sys_id)\r",
							"pm.test(\"Body matches string\", function () {\r",
							"    pm.expect(pm.response.text()).to.include(sys_id);\r",
							"});\r",
							"// Set Sys_id as a Global variable\r",
							"\r",
							"pm.globals.set(\"SystemID\",sys_id);\r",
							"\r",
							"pm.environment.set(\"Url2\", \"SAS12344\");\r",
							"\r",
							"\r",
							""
						],
						"type": "text/javascript"
					}
				}
			],
			"request": {
				"auth": {
					"type": "bearer",
					"bearer": [
						{
							"key": "token",
							"value": "6jfV88fMsHJpSnVS7rWctQ6bMhOxG2NsuEEnU9jn0zgDEiq4CP7SOzbWmPMoaVmeWrdPV1miSq7uyENMGjM4og",
							"type": "string"
						}
					]
				},
				"method": "POST",
				"header": [
					{
						"key": "Authorization",
						"value": "Bearer 6jfV88fMsHJpSnVS7rWctQ6bMhOxG2NsuEEnU9jn0zgDEiq4CP7SOzbWmPMoaVmeWrdPV1miSq7uyENMGjM4og",
						"type": "text",
						"disabled": true
					}
				],
				"url": {
					"raw": "{{Url}}/api/now/table/incident",
					"host": [
						"{{Url}}"
					],
					"path": [
						"api",
						"now",
						"table",
						"incident"
					]
				}
			},
			"response": []
		},
		{
			"name": "auth create",
			"event": [
				{
					"listen": "test",
					"script": {
						"exec": [
							"var resp=pm.response.json();\r",
							"var accessToken=resp.access_token\r",
							""
						],
						"type": "text/javascript"
					}
				}
			],
			"request": {
				"auth": {
					"type": "noauth"
				},
				"method": "POST",
				"header": [],
				"body": {
					"mode": "urlencoded",
					"urlencoded": [
						{
							"key": "grant_type",
							"value": "password",
							"type": "text"
						},
						{
							"key": "client_id",
							"value": "6ca34ee37e3361108e36f56f3964ddc9",
							"type": "text"
						},
						{
							"key": "client_secret",
							"value": "(^o?dV,uKJ",
							"type": "text"
						},
						{
							"key": "username",
							"value": "admin",
							"type": "text"
						},
						{
							"key": "password",
							"value": "d-J+lC2Hk7Aj",
							"type": "text"
						}
					]
				},
				"url": {
					"raw": "https://dev90367.service-now.com/oauth_token.do",
					"protocol": "https",
					"host": [
						"dev90367",
						"service-now",
						"com"
					],
					"path": [
						"oauth_token.do"
					]
				}
			},
			"response": []
		}
	],
	"event": [
		{
			"listen": "prerequest",
			"script": {
				"type": "text/javascript",
				"exec": [
					""
				]
			}
		},
		{
			"listen": "test",
			"script": {
				"type": "text/javascript",
				"exec": [
					""
				]
			}
		}
	]
}